new_constituency_code,new_constituency_name,region_code,region_name,country_code,country_name
E14001218,East Worthing and Shoreham,E12000008,South East,E92000001,England
E14001067,Arundel and South Downs,E12000008,South East,E92000001,England
E14001108,Bognor Regis and Littlehampton,E12000008,South East,E92000001,England
E14001166,Chichester,E12000008,South East,E92000001,England
E14001599,Worthing West,E12000008,South East,E92000001,England
E14001069,Ashford,E12000008,South East,E92000001,England
E14001570,Weald of Kent,E12000008,South East,E92000001,England
E14001392,North East Hampshire,E12000008,South East,E92000001,England
E14001403,North West Hampshire,E12000008,South East,E92000001,England
E14001078,Basingstoke,E12000008,South East,E92000001,England
E14001214,East Hampshire,E12000008,South East,E92000001,England
E14001117,Bracknell,E12000008,South East,E92000001,England
E14001348,Maidenhead,E12000008,South East,E92000001,England
E14001296,Hove and Portslade,E12000008,South East,E92000001,England
E14001129,Brighton Kemptown and Peacehaven,E12000008,South East,E92000001,England
E14001130,Brighton Pavilion,E12000008,South East,E92000001,England
E14001071,Aylesbury,E12000008,South East,E92000001,England
E14001360,Mid Buckinghamshire,E12000008,South East,E92000001,England
E14001141,Buckingham and Bletchley,E12000008,South East,E92000001,England
E14001162,Chesham and Amersham,E12000008,South East,E92000001,England
E14001082,Beaconsfield,E12000008,South East,E92000001,England
E14001600,Wycombe,E12000008,South East,E92000001,England
E14001282,Herne Bay and Sandwich,E12000008,South East,E92000001,England
E14001151,Canterbury,E12000008,South East,E92000001,England
E14001072,Banbury,E12000008,South East,E92000001,England
E14001090,Bicester and Woodstock,E12000008,South East,E92000001,England
E14001184,Crawley,E12000008,South East,E92000001,England
E14001191,Dartford,E12000008,South East,E92000001,England
E14001465,Sevenoaks,E12000008,South East,E92000001,England
E14001202,Dover and Deal,E12000008,South East,E92000001,England
E14001234,Farnham and Bordon,E12000008,South East,E92000001,England
E14001219,Eastbourne,E12000008,South East,E92000001,England
E14001220,Eastleigh,E12000008,South East,E92000001,England
E14001263,Hamble Valley,E12000008,South East,E92000001,England
E14001230,Esher and Walton,E12000008,South East,E92000001,England
E14001456,Runnymede and Weybridge,E12000008,South East,E92000001,England
E14001227,Epsom and Ewell,E12000008,South East,E92000001,England
E14001233,Fareham and Waterlooville,E12000008,South East,E92000001,England
E14001252,Gosport,E12000008,South East,E92000001,England
E14001239,Folkestone and Hythe,E12000008,South East,E92000001,England
E14001254,Gravesham,E12000008,South East,E92000001,England
E14001258,Guildford,E12000008,South East,E92000001,England
E14001249,Godalming and Ash,E12000008,South East,E92000001,England
E14001532,Surrey Heath,E12000008,South East,E92000001,England
E14001063,Aldershot,E12000008,South East,E92000001,England
E14001274,Hastings and Rye,E12000008,South East,E92000001,England
E14001275,Havant,E12000008,South East,E92000001,England
E14001294,Horsham,E12000008,South East,E92000001,England
E14001303,Isle of Wight East,E12000008,South East,E92000001,England
E14001304,Isle of Wight West,E12000008,South East,E92000001,England
E14001212,East Grinstead and Uckfield,E12000008,South East,E92000001,England
E14001330,Lewes,E12000008,South East,E92000001,England
E14001349,Maidstone and Malling,E12000008,South East,E92000001,England
E14001235,Faversham and Mid Kent,E12000008,South East,E92000001,England
E14001246,Gillingham and Rainham,E12000008,South East,E92000001,England
E14001157,Chatham and Aylesford,E12000008,South East,E92000001,England
E14001447,Rochester and Strood,E12000008,South East,E92000001,England
E14001366,Mid Sussex,E12000008,South East,E92000001,England
E14001369,Milton Keynes Central,E12000008,South East,E92000001,England
E14001370,Milton Keynes North,E12000008,South East,E92000001,England
E14001201,Dorking and Horley,E12000008,South East,E92000001,England
E14001374,New Forest West,E12000008,South East,E92000001,England
E14001373,New Forest East,E12000008,South East,E92000001,England
E14001419,Oxford East,E12000008,South East,E92000001,England
E14001420,Oxford West and Abingdon,E12000008,South East,E92000001,England
E14001431,Portsmouth North,E12000008,South East,E92000001,England
E14001432,Portsmouth South,E12000008,South East,E92000001,England
E14001210,Earley and Woodley,E12000008,South East,E92000001,England
E14001438,Reading Central,E12000008,South East,E92000001,England
E14001439,Reading West and Mid Berkshire,E12000008,South East,E92000001,England
E14001442,Reigate,E12000008,South East,E92000001,England
E14001215,East Surrey,E12000008,South East,E92000001,England
E14001088,Bexhill and Battle,E12000008,South East,E92000001,England
E14001588,Windsor,E12000008,South East,E92000001,England
E14001549,Tonbridge,E12000008,South East,E92000001,England
E14001477,Slough,E12000008,South East,E92000001,England
E14001280,Henley and Thame,E12000008,South East,E92000001,England
E14001197,Didcot and Wantage,E12000008,South East,E92000001,England
E14001499,Southampton Itchen,E12000008,South East,E92000001,England
E14001449,Romsey and Southampton North,E12000008,South East,E92000001,England
E14001500,Southampton Test,E12000008,South East,E92000001,England
E14001505,Spelthorne,E12000008,South East,E92000001,England
E14001474,Sittingbourne and Sheppey,E12000008,South East,E92000001,England
E14001216,East Thanet,E12000008,South East,E92000001,England
E14001555,Tunbridge Wells,E12000008,South East,E92000001,England
E14001591,Witney,E12000008,South East,E92000001,England
E14001533,Sussex Weald,E12000008,South East,E92000001,England
E14001376,Newbury,E12000008,South East,E92000001,England
E14001587,Winchester,E12000008,South East,E92000001,England
E14001592,Woking,E12000008,South East,E92000001,England
E14001593,Wokingham,E12000008,South East,E92000001,England
E14001073,Barking,E12000007,London,E92000001,England
E14001301,Ilford South,E12000007,London,E92000001,England
E14001189,Dagenham and Rainham,E12000007,London,E92000001,England
E14001279,Hendon,E12000007,London,E92000001,England
E14001238,Finchley and Golders Green,E12000007,London,E92000001,England
E14001293,Hornsey and Friern Barnet,E12000007,London,E92000001,England
E14001169,Chipping Barnet,E12000007,London,E92000001,England
E14001089,Bexleyheath and Crayford,E12000007,London,E92000001,England
E14001229,Erith and Thamesmead,E12000007,London,E92000001,England
E14001414,Old Bexley and Sidcup,E12000007,London,E92000001,England
E14001122,Brent East,E12000007,London,E92000001,England
E14001123,Brent West,E12000007,London,E92000001,England
E14001270,Harrow East,E12000007,London,E92000001,England
E14001435,Queen's Park and Maida Vale,E12000007,London,E92000001,England
E14001223,Eltham and Chislehurst,E12000007,London,E92000001,England
E14001137,Bromley and Biggin Hill,E12000007,London,E92000001,England
E14001417,Orpington,E12000007,London,E92000001,England
E14001083,Beckenham and Penge,E12000007,London,E92000001,England
E14001265,Hampstead and Highgate,E12000007,London,E92000001,England
E14001290,Holborn and St Pancras,E12000007,London,E92000001,England
E14001172,Cities of London and Westminster,E12000007,London,E92000001,England
E14001188,Croydon West,E12000007,London,E92000001,England
E14001186,Croydon East,E12000007,London,E92000001,England
E14001187,Croydon South,E12000007,London,E92000001,England
E14001527,Streatham and Croydon North,E12000007,London,E92000001,England
E14001208,Ealing North,E12000007,London,E92000001,England
E14001209,Ealing Southall,E12000007,London,E92000001,England
E14001207,Ealing Central and Acton,E12000007,London,E92000001,England
E14001503,Southgate and Wood Green,E12000007,London,E92000001,England
E14001221,Edmonton and Winchmore Hill,E12000007,London,E92000001,England
E14001225,Enfield North,E12000007,London,E92000001,England
E14001257,Greenwich and Woolwich,E12000007,London,E92000001,England
E14001553,Tottenham,E12000007,London,E92000001,England
E14001259,Hackney North and Stoke Newington,E12000007,London,E92000001,England
E14001260,Hackney South and Shoreditch,E12000007,London,E92000001,England
E14001306,Islington South and Finsbury,E12000007,London,E92000001,England
E14001264,Hammersmith and Chiswick,E12000007,London,E92000001,England
E14001160,Chelsea and Fulham,E12000007,London,E92000001,England
E14001454,"Ruislip, Northwood and Pinner",E12000007,London,E92000001,England
E14001271,Harrow West,E12000007,London,E92000001,England
E14001292,Hornchurch and Upminster,E12000007,London,E92000001,England
E14001448,Romford,E12000007,London,E92000001,England
E14001276,Hayes and Harlington,E12000007,London,E92000001,England
E14001558,Uxbridge and South Ruislip,E12000007,London,E92000001,England
E14001236,Feltham and Heston,E12000007,London,E92000001,England
E14001124,Brentford and Isleworth,E12000007,London,E92000001,England
E14001305,Islington North,E12000007,London,E92000001,England
E14001310,Kensington and Bayswater,E12000007,London,E92000001,England
E14001312,Kingston and Surbiton,E12000007,London,E92000001,England
E14001445,Richmond Park,E12000007,London,E92000001,England
E14001586,Wimbledon,E12000007,London,E92000001,England
E14001175,Clapham and Brixton Hill,E12000007,London,E92000001,England
E14001559,Vauxhall and Camberwell Green,E12000007,London,E92000001,England
E14001205,Dulwich and West Norwood,E12000007,London,E92000001,England
E14001333,Lewisham West and East Dulwich,E12000007,London,E92000001,England
E14001331,Lewisham East,E12000007,London,E92000001,England
E14001332,Lewisham North,E12000007,London,E92000001,England
E14001371,Mitcham and Morden,E12000007,London,E92000001,England
E14001213,East Ham,E12000007,London,E92000001,England
E14001576,West Ham and Beckton,E12000007,London,E92000001,England
E14001525,Stratford and Bow,E12000007,London,E92000001,England
E14001300,Ilford North,E12000007,London,E92000001,England
E14001167,Chingford and Woodford Green,E12000007,London,E92000001,England
E14001334,Leyton and Wanstead,E12000007,London,E92000001,England
E14001556,Twickenham,E12000007,London,E92000001,England
E14001085,Bermondsey and Old Southwark,E12000007,London,E92000001,England
E14001421,Peckham,E12000007,London,E92000001,England
E14001534,Sutton and Cheam,E12000007,London,E92000001,England
E14001153,Carshalton and Wallington,E12000007,London,E92000001,England
E14001430,Poplar and Limehouse,E12000007,London,E92000001,England
E14001086,Bethnal Green and Stepney,E12000007,London,E92000001,England
E14001563,Walthamstow,E12000007,London,E92000001,England
E14001550,Tooting,E12000007,London,E92000001,England
E14001081,Battersea,E12000007,London,E92000001,England
E14001434,Putney,E12000007,London,E92000001,England
E14001102,Blackburn,E12000002,North West,E92000001,England
E14001450,Rossendale and Darwen,E12000002,North West,E92000001,England
E14001104,Blackpool North and Fleetwood,E12000002,North West,E92000001,England
E14001105,Blackpool South,E12000002,North West,E92000001,England
E14001110,Bolton North East,E12000002,North West,E92000001,England
E14001112,Bolton West,E12000002,North West,E92000001,England
E14001111,Bolton South and Walkden,E12000002,North West,E92000001,England
E14001142,Burnley,E12000002,North West,E92000001,England
E14001145,Bury South,E12000002,North West,E92000001,England
E14001144,Bury North,E12000002,North West,E92000001,England
E14001178,Congleton,E12000002,North West,E92000001,England
E14001164,Chester South and Eddisbury,E12000002,North West,E92000001,England
E14001361,Mid Cheshire,E12000002,North West,E92000001,England
E14001185,Crewe and Nantwich,E12000002,North West,E92000001,England
E14001539,Tatton,E12000002,North West,E92000001,England
E14001347,Macclesfield,E12000002,North West,E92000001,England
E14001163,Chester North and Neston,E12000002,North West,E92000001,England
E14001455,Runcorn and Helsby,E12000002,North West,E92000001,England
E14001222,Ellesmere Port and Bromborough,E12000002,North West,E92000001,England
E14001170,Chorley,E12000002,North West,E92000001,England
E14001491,South Ribble,E12000002,North West,E92000001,England
E14001242,Fylde,E12000002,North West,E92000001,England
E14001584,Widnes and Halewood,E12000002,North West,E92000001,England
E14001299,Hyndburn,E12000002,North West,E92000001,England
E14001341,Liverpool West Derby,E12000002,North West,E92000001,England
E14001317,Knowsley,E12000002,North West,E92000001,England
E14001510,St Helens South and Whiston,E12000002,North West,E92000001,England
E14001372,Morecambe and Lunesdale,E12000002,North West,E92000001,England
E14001318,Lancaster and Wyre,E12000002,North West,E92000001,England
E14001340,Liverpool Wavertree,E12000002,North West,E92000001,England
E14001337,Liverpool Garston,E12000002,North West,E92000001,England
E14001338,Liverpool Riverside,E12000002,North West,E92000001,England
E14001339,Liverpool Walton,E12000002,North West,E92000001,England
E14001354,Manchester Withington,E12000002,North West,E92000001,England
E14001251,Gorton and Denton,E12000002,North West,E92000001,England
E14001352,Manchester Central,E12000002,North West,E92000001,England
E14001103,Blackley and Middleton South,E12000002,North West,E92000001,England
E14001602,Wythenshawe and Sale East,E12000002,North West,E92000001,England
E14001353,Manchester Rusholme,E12000002,North West,E92000001,England
E14001415,Oldham East and Saddleworth,E12000002,North West,E92000001,England
E14001416,"Oldham West, Chadderton and Royton",E12000002,North West,E92000001,England
E14001422,Pendle and Clitheroe,E12000002,North West,E92000001,England
E14001433,Preston,E12000002,North West,E92000001,England
E14001443,Ribble Valley,E12000002,North West,E92000001,England
E14001286,Heywood and Middleton North,E12000002,North West,E92000001,England
E14001446,Rochdale,E12000002,North West,E92000001,England
E14001598,Worsley and Eccles,E12000002,North West,E92000001,England
E14001459,Salford,E12000002,North West,E92000001,England
E14001113,Bootle,E12000002,North West,E92000001,England
E14001504,Southport,E12000002,North West,E92000001,England
E14001463,Sefton Central,E12000002,North West,E92000001,England
E14001509,St Helens North,E12000002,North West,E92000001,England
E14001277,Hazel Grove,E12000002,North West,E92000001,England
E14001158,Cheadle,E12000002,North West,E92000001,England
E14001517,Stockport,E12000002,North West,E92000001,England
E14001070,Ashton-under-Lyne,E12000002,North West,E92000001,England
E14001515,Stalybridge and Hyde,E12000002,North West,E92000001,England
E14001065,Altrincham and Sale West,E12000002,North West,E92000001,England
E14001528,Stretford and Urmston,E12000002,North West,E92000001,England
E14001565,Warrington South,E12000002,North West,E92000001,England
E14001564,Warrington North,E12000002,North West,E92000001,England
E14001577,West Lancashire,E12000002,North West,E92000001,England
E14001350,Makerfield,E12000002,North West,E92000001,England
E14001329,Leigh and Atherton,E12000002,North West,E92000001,England
E14001585,Wigan,E12000002,North West,E92000001,England
E14001091,Birkenhead,E12000002,North West,E92000001,England
E14001589,Wirral West,E12000002,North West,E92000001,England
E14001561,Wallasey,E12000002,North West,E92000001,England
E14001424,Penrith and Solway,E12000002,North West,E92000001,England
E14001583,Whitehaven and Workington,E12000002,North West,E92000001,England
E14001076,Barrow and Furness,E12000002,North West,E92000001,England
E14001152,Carlisle,E12000002,North West,E92000001,England
E14001580,Westmorland and Lonsdale,E12000002,North West,E92000001,England
E14001066,Amber Valley,E12000004,East Midlands,E92000001,England
E14001195,Derbyshire Dales,E12000004,East Midlands,E92000001,England
E14001362,Mid Derbyshire,E12000004,East Midlands,E92000001,England
E14001471,Sherwood Forest,E12000004,East Midlands,E92000001,England
E14001068,Ashfield,E12000004,East Midlands,E92000001,England
E14001494,South Suffolk,E12000006,East of England,E92000001,England
E14001075,Barnsley South,E12000003,Yorkshire and The Humber,E92000001,England
E14001074,Barnsley North,E12000003,Yorkshire and The Humber,E92000001,England
E14001423,Penistone and Stocksbridge,E12000003,Yorkshire and The Humber,E92000001,England
E14001077,Basildon and Billericay,E12000006,East of England,E92000001,England
E14001480,South Basildon and East Thurrock,E12000006,East of England,E92000001,England
E14001437,Rayleigh and Wickford,E12000006,East of England,E92000001,England
E14001154,Castle Point,E12000006,East of England,E92000001,England
E14001079,Bassetlaw,E12000004,East Midlands,E92000001,England
E14001375,Newark,E12000004,East Midlands,E92000001,England
E14001394,North East Somerset and Hanham,E12000009,South West,E92000001,England
E14001080,Bath,E12000009,South West,E92000001,England
E14001241,Frome and East Somerset,E12000009,South West,E92000001,England
E14001384,North Bedfordshire,E12000006,East of England,E92000001,England
E14001084,Bedford,E12000006,East of England,E92000001,England
E14001359,Mid Bedfordshire,E12000006,East of England,E92000001,England
E14001099,Birmingham Selly Oak,E12000005,West Midlands,E92000001,England
E14001097,Birmingham Northfield,E12000005,West Midlands,E92000001,England
E14001092,Birmingham Edgbaston,E12000005,West Midlands,E92000001,England
E14001100,Birmingham Yardley,E12000005,West Midlands,E92000001,England
E14001098,Birmingham Perry Barr,E12000005,West Midlands,E92000001,England
E14001096,Birmingham Ladywood,E12000005,West Midlands,E92000001,England
E14001094,Birmingham Hall Green and Moseley,E12000005,West Midlands,E92000001,England
E14001093,Birmingham Erdington,E12000005,West Midlands,E92000001,England
E14001095,Birmingham Hodge Hill and Solihull North,E12000005,West Midlands,E92000001,England
E14001535,Sutton Coldfield,E12000005,West Midlands,E92000001,England
E14001488,South Leicestershire,E12000004,East Midlands,E92000001,England
E14001364,Mid Leicestershire,E12000004,East Midlands,E92000001,England
E14001109,Bolsover,E12000004,East Midlands,E92000001,England
E14001114,Boston and Skegness,E12000004,East Midlands,E92000001,England
E14001115,Bournemouth East,E12000009,South West,E92000001,England
E14001116,Bournemouth West,E12000009,South West,E92000001,England
E14001363,Mid Dorset and North Poole,E12000009,South West,E92000001,England
E14001429,Poole,E12000009,South West,E92000001,England
E14001171,Christchurch,E12000009,South West,E92000001,England
E14001472,Shipley,E12000003,Yorkshire and The Humber,E92000001,England
E14001308,Keighley and Ilkley,E12000003,Yorkshire and The Humber,E92000001,England
E14001118,Bradford East,E12000003,Yorkshire and The Humber,E92000001,England
E14001120,Bradford West,E12000003,Yorkshire and The Humber,E92000001,England
E14001119,Bradford South,E12000003,Yorkshire and The Humber,E92000001,England
E14001121,Braintree,E12000006,East of England,E92000001,England
E14001590,Witham,E12000006,East of England,E92000001,England
E14001365,Mid Norfolk,E12000006,East of England,E92000001,England
E14001497,South West Norfolk,E12000006,East of England,E92000001,England
E14001125,Brentwood and Ongar,E12000006,East of England,E92000001,England
E14001134,Bristol North West,E12000009,South West,E92000001,England
E14001135,Bristol South,E12000009,South West,E92000001,England
E14001131,Bristol Central,E12000009,South West,E92000001,England
E14001132,Bristol East,E12000009,South West,E92000001,England
E14001133,Bristol North East,E12000009,South West,E92000001,England
E14001136,Broadland and Fakenham,E12000006,East of England,E92000001,England
E14001408,Norwich North,E12000006,East of England,E92000001,England
E14001138,Bromsgrove,E12000005,West Midlands,E92000001,England
E14001139,Broxbourne,E12000006,East of England,E92000001,England
E14001140,Broxtowe,E12000004,East Midlands,E92000001,England
E14001411,Nottingham North and Kimberley,E12000004,East Midlands,E92000001,England
E14001147,Calder Valley,E12000003,Yorkshire and The Humber,E92000001,England
E14001262,Halifax,E12000003,Yorkshire and The Humber,E92000001,England
E14001149,Cambridge,E12000006,East of England,E92000001,England
E14001481,South Cambridgeshire,E12000006,East of England,E92000001,England
E14001150,Cannock Chase,E12000005,West Midlands,E92000001,England
E14001289,Hitchin,E12000006,East of England,E92000001,England
E14001206,Dunstable and Leighton Buzzard,E12000006,East of England,E92000001,England
E14001346,Luton South and South Bedfordshire,E12000006,East of England,E92000001,England
E14001357,Melton and Syston,E12000004,East Midlands,E92000001,England
E14001342,Loughborough,E12000004,East Midlands,E92000001,England
E14001351,Maldon,E12000006,East of England,E92000001,England
E14001159,Chelmsford,E12000006,East of England,E92000001,England
E14001402,North West Essex,E12000006,East of England,E92000001,England
E14001161,Cheltenham,E12000009,South West,E92000001,England
E14001542,Tewkesbury,E12000009,South West,E92000001,England
E14001391,North East Derbyshire,E12000004,East Midlands,E92000001,England
E14001165,Chesterfield,E12000004,East Midlands,E92000001,England
E14001176,Colchester,E12000006,East of England,E92000001,England
E14001273,Harwich and North Essex,E12000006,East of England,E92000001,England
E14001486,South East Cornwall,E12000009,South West,E92000001,England
E14001554,Truro and Falmouth,E12000009,South West,E92000001,England
E14001148,Camborne and Redruth,E12000009,South West,E92000001,England
E14001511,St Ives,E12000009,South West,E92000001,England
E14001385,North Cornwall,E12000009,South West,E92000001,England
E14001508,St Austell and Newquay,E12000009,South West,E92000001,England
E14001386,North Cotswolds,E12000009,South West,E92000001,England
E14001482,South Cotswolds,E12000009,South West,E92000001,England
E14001389,North Durham,E12000001,North East,E92000001,England
E14001106,Blaydon and Consett,E12000001,North East,E92000001,England
E14001173,City of Durham,E12000001,North East,E92000001,England
E14001211,Easington,E12000001,North East,E92000001,England
E14001382,Newton Aycliffe and Spennymoor,E12000001,North East,E92000001,England
E14001101,Bishop Auckland,E12000001,North East,E92000001,England
E14001181,Coventry North West,E12000005,West Midlands,E92000001,England
E14001180,Coventry East,E12000005,West Midlands,E92000001,England
E14001182,Coventry South,E12000005,West Midlands,E92000001,England
E14001278,Hemel Hempstead,E12000006,East of England,E92000001,England
E14001268,Harpenden and Berkhamsted,E12000006,East of England,E92000001,England
E14001496,South West Hertfordshire,E12000006,East of England,E92000001,England
E14001190,Darlington,E12000001,North East,E92000001,England
E14001519,Stockton West,E12000001,North East,E92000001,England
E14001194,Derby South,E12000004,East Midlands,E92000001,England
E14001193,Derby North,E12000004,East Midlands,E92000001,England
E14001200,Doncaster North,E12000003,Yorkshire and The Humber,E92000001,England
E14001198,Doncaster Central,E12000003,Yorkshire and The Humber,E92000001,England
E14001436,Rawmarsh and Conisbrough,E12000003,Yorkshire and The Humber,E92000001,England
E14001199,Doncaster East and the Isle of Axholme,E12000003,Yorkshire and The Humber,E92000001,England
E14001575,West Dorset,E12000009,South West,E92000001,England
E14001388,North Dorset,E12000009,South West,E92000001,England
E14001485,South Dorset,E12000009,South West,E92000001,England
E14001524,Stourbridge,E12000005,West Midlands,E92000001,England
E14001261,Halesowen,E12000005,West Midlands,E92000001,England
E14001204,Dudley,E12000005,West Midlands,E92000001,England
E14001316,Kingswinford and South Staffordshire,E12000005,West Midlands,E92000001,England
E14001547,Tipton and Wednesbury,E12000005,West Midlands,E92000001,England
E14001224,Ely and East Cambridgeshire,E12000006,East of England,E92000001,England
E14001291,Honiton and Sidmouth,E12000009,South West,E92000001,England
E14001232,Exmouth and Exeter East,E12000009,South West,E92000001,England
E14001283,Hertford and Stortford,E12000006,East of England,E92000001,England
E14001393,North East Hertfordshire,E12000006,East of England,E92000001,England
E14001516,Stevenage,E12000006,East of England,E92000001,England
E14001343,Louth and Horncastle,E12000004,East Midlands,E92000001,England
E14001087,Beverley and Holderness,E12000003,Yorkshire and The Humber,E92000001,England
E14001127,Bridlington and The Wolds,E12000003,Yorkshire and The Humber,E92000001,England
E14001314,Kingston upon Hull North and Cottingham,E12000003,Yorkshire and The Humber,E92000001,England
E14001250,Goole and Pocklington,E12000003,Yorkshire and The Humber,E92000001,England
E14001315,Kingston upon Hull West and Haltemprice,E12000003,Yorkshire and The Humber,E92000001,England
E14001143,Burton and Uttoxeter,E12000005,West Midlands,E92000001,England
E14001335,Lichfield,E12000005,West Midlands,E92000001,England
E14001530,Suffolk Coastal,E12000006,East of England,E92000001,England
E14001156,Central Suffolk and North Ipswich,E12000006,East of England,E92000001,England
E14001569,Waveney Valley,E12000006,East of England,E92000001,England
E14001344,Lowestoft,E12000006,East of England,E92000001,England
E14001226,Epping Forest,E12000006,East of England,E92000001,England
E14001267,Harlow,E12000006,East of England,E92000001,England
E14001228,Erewash,E12000004,East Midlands,E92000001,England
E14001231,Exeter,E12000009,South West,E92000001,England
E14001390,North East Cambridgeshire,E12000006,East of England,E92000001,England
E14001240,Forest of Dean,E12000009,South West,E92000001,England
E14001244,Gateshead Central and Whickham,E12000001,North East,E92000001,England
E14001307,Jarrow and Gateshead East,E12000001,North East,E92000001,England
E14001567,Washington and Gateshead South,E12000001,North East,E92000001,England
E14001245,Gedling,E12000004,East Midlands,E92000001,England
E14001248,Gloucester,E12000009,South West,E92000001,England
E14001256,Great Yarmouth,E12000006,East of England,E92000001,England
E14001266,"Harborough, Oadby and Wigston",E12000004,East Midlands,E92000001,England
E14001458,Rutland and Stamford,E12000004,East Midlands,E92000001,England
E14001272,Hartlepool,E12000001,North East,E92000001,England
E14001395,North Herefordshire,E12000005,West Midlands,E92000001,England
E14001281,Hereford and South Herefordshire,E12000005,West Midlands,E92000001,England
E14001284,Hertsmere,E12000006,East of England,E92000001,England
E14001568,Watford,E12000006,East of England,E92000001,England
E14001287,High Peak,E12000004,East Midlands,E92000001,England
E14001288,Hinckley and Bosworth,E12000004,East Midlands,E92000001,England
E14001298,Huntingdon,E12000006,East of England,E92000001,England
E14001401,North West Cambridgeshire,E12000006,East of England,E92000001,England
E14001512,St Neots and Mid Cambridgeshire,E12000006,East of England,E92000001,England
E14001302,Ipswich,E12000006,East of England,E92000001,England
E14001405,North West Norfolk,E12000006,East of England,E92000001,England
E14001313,Kingston upon Hull East,E12000003,Yorkshire and The Humber,E92000001,England
E14001196,Dewsbury and Batley,E12000003,Yorkshire and The Humber,E92000001,England
E14001297,Huddersfield,E12000003,Yorkshire and The Humber,E92000001,England
E14001506,Spen Valley,E12000003,Yorkshire and The Humber,E92000001,England
E14001177,Colne Valley,E12000003,Yorkshire and The Humber,E92000001,England
E14001418,Ossett and Denby Dale,E12000003,Yorkshire and The Humber,E92000001,England
E14001322,Leeds North West,E12000003,Yorkshire and The Humber,E92000001,England
E14001325,Leeds West and Pudsey,E12000003,Yorkshire and The Humber,E92000001,England
E14001323,Leeds South,E12000003,Yorkshire and The Humber,E92000001,England
E14001320,Leeds East,E12000003,Yorkshire and The Humber,E92000001,England
E14001321,Leeds North East,E12000003,Yorkshire and The Humber,E92000001,England
E14001582,Wetherby and Easingwold,E12000003,Yorkshire and The Humber,E92000001,England
E14001464,Selby,E12000003,Yorkshire and The Humber,E92000001,England
E14001324,Leeds South West and Morley,E12000003,Yorkshire and The Humber,E92000001,England
E14001319,Leeds Central and Headingley,E12000003,Yorkshire and The Humber,E92000001,England
E14001560,Wakefield and Rothwell,E12000003,Yorkshire and The Humber,E92000001,England
E14001328,Leicester West,E12000004,East Midlands,E92000001,England
E14001326,Leicester East,E12000004,East Midlands,E92000001,England
E14001327,Leicester South,E12000004,East Midlands,E92000001,England
E14001538,Tamworth,E12000005,West Midlands,E92000001,England
E14001336,Lincoln,E12000004,East Midlands,E92000001,England
E14001345,Luton North,E12000006,East of England,E92000001,England
E14001579,West Worcestershire,E12000005,West Midlands,E92000001,England
E14001355,Mansfield,E12000004,East Midlands,E92000001,England
E14001155,Central Devon,E12000009,South West,E92000001,England
E14001548,Tiverton and Minehead,E12000009,South West,E92000001,England
E14001146,Bury St Edmunds and Stowmarket,E12000006,East of England,E92000001,England
E14001367,Middlesbrough and Thornaby East,E12000001,North East,E92000001,England
E14001368,Middlesbrough South and East Cleveland,E12000001,North East,E92000001,England
E14001377,Newcastle upon Tyne Central and West,E12000001,North East,E92000001,England
E14001379,Newcastle upon Tyne North,E12000001,North East,E92000001,England
E14001378,Newcastle upon Tyne East and Wallsend,E12000001,North East,E92000001,England
E14001183,Cramlington and Killingworth,E12000001,North East,E92000001,England
E14001285,Hexham,E12000001,North East,E92000001,England
E14001513,Stafford,E12000005,West Midlands,E92000001,England
E14001380,Newcastle-under-Lyme,E12000005,West Midlands,E92000001,England
E14001521,Stoke-on-Trent North,E12000005,West Midlands,E92000001,England
E14001387,North Devon,E12000009,South West,E92000001,England
E14001128,Brigg and Immingham,E12000003,Yorkshire and The Humber,E92000001,England
E14001255,Great Grimsby and Cleethorpes,E12000003,Yorkshire and The Humber,E92000001,England
E14001476,Sleaford and North Hykeham,E12000004,East Midlands,E92000001,England
E14001253,Grantham and Bourne,E12000004,East Midlands,E92000001,England
E14001462,Scunthorpe,E12000003,Yorkshire and The Humber,E92000001,England
E14001396,North Norfolk,E12000006,East of England,E92000001,England
E14001179,Corby and East Northamptonshire,E12000004,East Midlands,E92000001,England
E14001311,Kettering,E12000004,East Midlands,E92000001,England
E14001571,Wellingborough and Rushden,E12000004,East Midlands,E92000001,England
E14001490,South Northamptonshire,E12000004,East Midlands,E92000001,England
E14001192,Daventry,E12000004,East Midlands,E92000001,England
E14001572,Wells and Mendip Hills,E12000009,South West,E92000001,England
E14001581,Weston-super-Mare,E12000009,South West,E92000001,England
E14001399,North Somerset,E12000009,South West,E92000001,England
E14001557,Tynemouth,E12000001,North East,E92000001,England
E14001413,Nuneaton,E12000005,West Midlands,E92000001,England
E14001400,North Warwickshire and Bedworth,E12000005,West Midlands,E92000001,England
E14001404,North West Leicestershire,E12000004,East Midlands,E92000001,England
E14001397,North Northumberland,E12000001,North East,E92000001,England
E14001107,Blyth and Ashington,E12000001,North East,E92000001,England
E14001409,Norwich South,E12000006,East of England,E92000001,England
E14001412,Nottingham South,E12000004,East Midlands,E92000001,England
E14001410,Nottingham East,E12000004,East Midlands,E92000001,England
E14001453,Rugby,E12000005,West Midlands,E92000001,England
E14001425,Peterborough,E12000006,East of England,E92000001,England
E14001427,Plymouth Sutton and Devonport,E12000009,South West,E92000001,England
E14001426,Plymouth Moor View,E12000009,South West,E92000001,England
E14001495,South West Devon,E12000009,South West,E92000001,England
E14001440,Redcar,E12000001,North East,E92000001,England
E14001441,Redditch,E12000005,West Midlands,E92000001,England
E14001501,Southend East and Rochford,E12000006,East of England,E92000001,England
E14001451,Rother Valley,E12000003,Yorkshire and The Humber,E92000001,England
E14001452,Rotherham,E12000003,Yorkshire and The Humber,E92000001,England
E14001309,Kenilworth and Southam,E12000005,West Midlands,E92000001,England
E14001457,Rushcliffe,E12000004,East Midlands,E92000001,England
E14001574,West Bromwich,E12000005,West Midlands,E92000001,England
E14001478,Smethwick,E12000005,West Midlands,E92000001,England
E14001467,Sheffield Central,E12000003,Yorkshire and The Humber,E92000001,England
E14001468,Sheffield Hallam,E12000003,Yorkshire and The Humber,E92000001,England
E14001466,Sheffield Brightside and Hillsborough,E12000003,Yorkshire and The Humber,E92000001,England
E14001469,Sheffield Heeley,E12000003,Yorkshire and The Humber,E92000001,England
E14001470,Sheffield South East,E12000003,Yorkshire and The Humber,E92000001,England
E14001493,South Shropshire,E12000005,West Midlands,E92000001,England
E14001543,The Wrekin,E12000005,West Midlands,E92000001,England
E14001398,North Shropshire,E12000005,West Midlands,E92000001,England
E14001473,Shrewsbury,E12000005,West Midlands,E92000001,England
E14001358,Meriden and Solihull East,E12000005,West Midlands,E92000001,England
E14001479,Solihull West and Shirley,E12000005,West Midlands,E92000001,England
E14001483,South Derbyshire,E12000004,East Midlands,E92000001,England
E14001237,Filton and Bradley Stoke,E12000009,South West,E92000001,England
E14001545,Thornbury and Yate,E12000009,South West,E92000001,England
E14001484,South Devon,E12000009,South West,E92000001,England
E14001487,South Holland and The Deepings,E12000004,East Midlands,E92000001,England
E14001489,South Norfolk,E12000006,East of England,E92000001,England
E14001523,"Stone, Great Wyrley and Penkridge",E12000005,West Midlands,E92000001,England
E14001492,South Shields,E12000001,North East,E92000001,England
E14001502,Southend West and Leigh,E12000006,East of England,E92000001,England
E14001507,St Albans,E12000006,East of England,E92000001,England
E14001522,Stoke-on-Trent South,E12000005,West Midlands,E92000001,England
E14001514,Staffordshire Moorlands,E12000005,West Midlands,E92000001,England
E14001518,Stockton North,E12000001,North East,E92000001,England
E14001520,Stoke-on-Trent Central,E12000005,West Midlands,E92000001,England
E14001526,Stratford-on-Avon,E12000005,West Midlands,E92000001,England
E14001529,Stroud,E12000009,South West,E92000001,England
E14001531,Sunderland Central,E12000001,North East,E92000001,England
E14001295,Houghton and Sunderland South,E12000001,North East,E92000001,England
E14001536,Swindon North,E12000009,South West,E92000001,England
E14001537,Swindon South,E12000009,South West,E92000001,England
E14001217,East Wiltshire,E12000009,South West,E92000001,England
E14001381,Newton Abbot,E12000009,South West,E92000001,England
E14001541,Telford,E12000005,West Midlands,E92000001,England
E14001174,Clacton,E12000006,East of England,E92000001,England
E14001546,Thurrock,E12000006,East of England,E92000001,England
E14001551,Torbay,E12000009,South West,E92000001,England
E14001552,Torridge and Tavistock,E12000009,South West,E92000001,England
E14001383,Normanton and Hemsworth,E12000003,Yorkshire and The Humber,E92000001,England
E14001428,"Pontefract, Castleford and Knottingley",E12000003,Yorkshire and The Humber,E92000001,England
E14001064,Aldridge-Brownhills,E12000005,West Midlands,E92000001,England
E14001562,Walsall and Bloxwich,E12000005,West Midlands,E92000001,England
E14001595,Wolverhampton South East,E12000005,West Midlands,E92000001,England
E14001594,Wolverhampton North East,E12000005,West Midlands,E92000001,England
E14001566,Warwick and Leamington,E12000005,West Midlands,E92000001,England
E14001573,Welwyn Hatfield,E12000006,East of England,E92000001,England
E14001243,Gainsborough,E12000004,East Midlands,E92000001,England
E14001406,Northampton North,E12000004,East Midlands,E92000001,England
E14001407,Northampton South,E12000004,East Midlands,E92000001,England
E14001578,West Suffolk,E12000006,East of England,E92000001,England
E14001356,Melksham and Devizes,E12000009,South West,E92000001,England
E14001168,Chippenham,E12000009,South West,E92000001,England
E14001460,Salisbury,E12000009,South West,E92000001,England
E14001498,South West Wiltshire,E12000009,South West,E92000001,England
E14001596,Wolverhampton West,E12000005,West Midlands,E92000001,England
E14001597,Worcester,E12000005,West Midlands,E92000001,England
E14001203,Droitwich and Evesham,E12000005,West Midlands,E92000001,England
E14001601,Wyre Forest,E12000005,West Midlands,E92000001,England
E14001604,York Central,E12000003,Yorkshire and The Humber,E92000001,England
E14001605,York Outer,E12000003,Yorkshire and The Humber,E92000001,England
E14001475,Skipton and Ripon,E12000003,Yorkshire and The Humber,E92000001,England
E14001544,Thirsk and Malton,E12000003,Yorkshire and The Humber,E92000001,England
E14001444,Richmond and Northallerton,E12000003,Yorkshire and The Humber,E92000001,England
E14001269,Harrogate and Knaresborough,E12000003,Yorkshire and The Humber,E92000001,England
E14001461,Scarborough and Whitby,E12000003,Yorkshire and The Humber,E92000001,England
E14001247,Glastonbury and Somerton,E12000009,South West,E92000001,England
E14001126,Bridgwater,E12000009,South West,E92000001,England
E14001603,Yeovil,E12000009,South West,E92000001,England
E14001540,Taunton and Wellington,E12000009,South West,E92000001,England
S14000060,Aberdeen North,S99999999,Scotland,S92000003,Scotland
S14000061,Aberdeen South,S99999999,Scotland,S92000003,Scotland
S14000058,West Aberdeenshire and Kincardine,S99999999,Scotland,S92000003,Scotland
S14000062,Aberdeenshire North and Moray East,S99999999,Scotland,S92000003,Scotland
S14000091,Gordon and Buchan,S99999999,Scotland,S92000003,Scotland
S14000065,Angus and Perthshire Glens,S99999999,Scotland,S92000003,Scotland
S14000066,Arbroath and Broughty Ferry,S99999999,Scotland,S92000003,Scotland
N05000014,South Antrim,N99999999,Northern Ireland,N92000002,Northern Ireland
N05000005,East Antrim,N99999999,Northern Ireland,N92000002,Northern Ireland
N05000002,Belfast North,N99999999,Northern Ireland,N92000002,Northern Ireland
N05000016,Strangford,N99999999,Northern Ireland,N92000002,Northern Ireland
N05000013,North Down,N99999999,Northern Ireland,N92000002,Northern Ireland
S14000067,"Argyll, Bute and South Lochaber",S99999999,Scotland,S92000003,Scotland
N05000007,Fermanagh and South Tyrone,N99999999,Northern Ireland,N92000002,Northern Ireland
N05000011,Newry and Armagh,N99999999,Northern Ireland,N92000002,Northern Ireland
N05000017,Upper Bann,N99999999,Northern Ireland,N92000002,Northern Ireland
N05000010,Mid Ulster,N99999999,Northern Ireland,N92000002,Northern Ireland
N05000009,Lagan Valley,N99999999,Northern Ireland,N92000002,Northern Ireland
N05000015,South Down,N99999999,Northern Ireland,N92000002,Northern Ireland
N05000001,Belfast East,N99999999,Northern Ireland,N92000002,Northern Ireland
N05000003,Belfast South and Mid Down,N99999999,Northern Ireland,N92000002,Northern Ireland
N05000004,Belfast West,N99999999,Northern Ireland,N92000002,Northern Ireland
W07000084,Blaenau Gwent and Rhymney,W99999999,Wales,W92000004,Wales
W07000086,Bridgend,W99999999,Wales,W92000004,Wales
W07000107,Rhondda and Ogmore,W99999999,Wales,W92000004,Wales
W07000081,Aberafan Maesteg,W99999999,Wales,W92000004,Wales
W07000088,Caerphilly,W99999999,Wales,W92000004,Wales
W07000105,Newport West and Islwyn,W99999999,Wales,W92000004,Wales
W07000091,Cardiff South and Penarth,W99999999,Wales,W92000004,Wales
W07000092,Cardiff West,W99999999,Wales,W92000004,Wales
W07000089,Cardiff East,W99999999,Wales,W92000004,Wales
W07000090,Cardiff North,W99999999,Wales,W92000004,Wales
W07000098,Llanelli,W99999999,Wales,W92000004,Wales
W07000087,Caerfyrddin,W99999999,Wales,W92000004,Wales
N05000006,East Londonderry,N99999999,Northern Ireland,N92000002,Northern Ireland
N05000012,North Antrim,N99999999,Northern Ireland,N92000002,Northern Ireland
W07000093,Ceredigion Preseli,W99999999,Wales,W92000004,Wales
S14000082,Edinburgh West,S99999999,Scotland,S92000003,Scotland
S14000081,Edinburgh South West,S99999999,Scotland,S92000003,Scotland
S14000078,Edinburgh East and Musselburgh,S99999999,Scotland,S92000003,Scotland
S14000079,Edinburgh North and Leith,S99999999,Scotland,S92000003,Scotland
S14000080,Edinburgh South,S99999999,Scotland,S92000003,Scotland
S14000076,Dunfermline and Dollar,S99999999,Scotland,S92000003,Scotland
S14000064,Alloa and Grangemouth,S99999999,Scotland,S92000003,Scotland
W07000095,Clwyd North,W99999999,Wales,W92000004,Wales
W07000083,Bangor Aberconwy,W99999999,Wales,W92000004,Wales
W07000094,Clwyd East,W99999999,Wales,W92000004,Wales
W07000096,Dwyfor Meirionnydd,W99999999,Wales,W92000004,Wales
N05000008,Foyle,N99999999,Northern Ireland,N92000002,Northern Ireland
N05000018,West Tyrone,N99999999,Northern Ireland,N92000002,Northern Ireland
S14000074,"Dumfriesshire, Clydesdale and Tweeddale",S99999999,Scotland,S92000003,Scotland
S14000073,Dumfries and Galloway,S99999999,Scotland,S92000003,Scotland
S14000075,Dundee Central,S99999999,Scotland,S92000003,Scotland
S14000040,Kilmarnock and Loudoun,S99999999,Scotland,S92000003,Scotland
S14000006,"Ayr, Carrick and Cumnock",S99999999,Scotland,S92000003,Scotland
S14000097,Mid Dunbartonshire,S99999999,Scotland,S92000003,Scotland
S14000072,Cumbernauld and Kirkintilloch,S99999999,Scotland,S92000003,Scotland
S14000096,Lothian East,S99999999,Scotland,S92000003,Scotland
S14000021,East Renfrewshire,S99999999,Scotland,S92000003,Scotland
S14000083,Falkirk,S99999999,Scotland,S92000003,Scotland
S14000068,Bathgate and Linlithgow,S99999999,Scotland,S92000003,Scotland
S14000090,Glenrothes and Mid Fife,S99999999,Scotland,S92000003,Scotland
S14000071,Cowdenbeath and Kirkcaldy,S99999999,Scotland,S92000003,Scotland
S14000100,North East Fife,S99999999,Scotland,S92000003,Scotland
W07000082,Alyn and Deeside,W99999999,Wales,W92000004,Wales
S14000085,Glasgow North,S99999999,Scotland,S92000003,Scotland
S14000086,Glasgow North East,S99999999,Scotland,S92000003,Scotland
S14000084,Glasgow East,S99999999,Scotland,S92000003,Scotland
S14000089,Glasgow West,S99999999,Scotland,S92000003,Scotland
S14000106,West Dunbartonshire,S99999999,Scotland,S92000003,Scotland
S14000088,Glasgow South West,S99999999,Scotland,S92000003,Scotland
S14000087,Glasgow South,S99999999,Scotland,S92000003,Scotland
S14000101,Paisley and Renfrewshire North,S99999999,Scotland,S92000003,Scotland
S14000098,"Moray West, Nairn and Strathspey",S99999999,Scotland,S92000003,Scotland
S14000069,"Caithness, Sutherland and Easter Ross",S99999999,Scotland,S92000003,Scotland
S14000094,"Inverness, Skye and West Ross-shire",S99999999,Scotland,S92000003,Scotland
S14000093,Inverclyde and Renfrewshire West,S99999999,Scotland,S92000003,Scotland
W07000112,Ynys Môn,W99999999,Wales,W92000004,Wales
W07000099,Merthyr Tydfil and Aberdare,W99999999,Wales,W92000004,Wales
S14000045,Midlothian,S99999999,Scotland,S92000003,Scotland
W07000101,Monmouthshire,W99999999,Wales,W92000004,Wales
S14000027,Na h-Eileanan an Iar,S99999999,Scotland,S92000003,Scotland
W07000103,Neath and Swansea East,W99999999,Wales,W92000004,Wales
W07000085,"Brecon, Radnor and Cwm Tawe",W99999999,Wales,W92000004,Wales
W07000104,Newport East,W99999999,Wales,W92000004,Wales
S14000010,Central Ayrshire,S99999999,Scotland,S92000003,Scotland
S14000048,North Ayrshire and Arran,S99999999,Scotland,S92000003,Scotland
S14000070,Coatbridge and Bellshill,S99999999,Scotland,S92000003,Scotland
S14000063,Airdrie and Shotts,S99999999,Scotland,S92000003,Scotland
S14000099,"Motherwell, Wishaw and Carluke",S99999999,Scotland,S92000003,Scotland
S14000051,Orkney and Shetland,S99999999,Scotland,S92000003,Scotland
W07000100,Mid and South Pembrokeshire,W99999999,Wales,W92000004,Wales
S14000103,Perth and Kinross-shire,S99999999,Scotland,S92000003,Scotland
S14000105,Stirling and Strathallan,S99999999,Scotland,S92000003,Scotland
W07000102,Montgomeryshire and Glyndwr,W99999999,Wales,W92000004,Wales
S14000102,Paisley and Renfrewshire South,S99999999,Scotland,S92000003,Scotland
W07000106,Pontypridd,W99999999,Wales,W92000004,Wales
S14000008,"Berwickshire, Roxburgh and Selkirk",S99999999,Scotland,S92000003,Scotland
S14000104,Rutherglen,S99999999,Scotland,S92000003,Scotland
S14000077,East Kilbride and Strathaven,S99999999,Scotland,S92000003,Scotland
S14000092,Hamilton and Clyde Valley,S99999999,Scotland,S92000003,Scotland
W07000108,Swansea West,W99999999,Wales,W92000004,Wales
W07000097,Gower,W99999999,Wales,W92000004,Wales
W07000109,Torfaen,W99999999,Wales,W92000004,Wales
W07000110,Vale of Glamorgan,W99999999,Wales,W92000004,Wales
S14000095,Livingston,S99999999,Scotland,S92000003,Scotland
W07000111,Wrexham,W99999999,Wales,W92000004,Wales
